Timestamp,Score,What's your last semester's GPA?,What's your group number?,0.9565＋0.1155=,78 ÷ (4x)= 24 - 1.1 × 10,"3.4－2(x＋1.2）= 0.6
x = ? (just type the answer)",25*26*8,"As shown in Figure 2, there are exactly ________ the same shape as the crescent moon in Figure 1.",There are 49 dogs signed up for a dog show. There are 36 more small dogs than large dogs. How many small dogs have signed up to compete? (number can with decimal),
2/27/2024 16:49:03,4 / 5,3.24,2,7,13,90,582,7,,
2/27/2024 16:49:16,3 / 5,2.5,3,7,13,,582,,,
2/27/2024 16:51:54,2 / 5,3.46,2,8,,,582,42.5,,
2/27/2024 16:52:04,4 / 5,3,2,7,13,90,582,,,
2/27/2024 16:56:01,5 / 5,3.13,1,7,13,90,582,42.5,,
2/27/2024 17:04:39,0 / 5,3.56,3,8,,,,,,
2/27/2024 17:05:19,1 / 5,3.1,2,7,30,,,,,
2/27/2024 17:05:46,1 / 5,3,1,7,37,,,,,
2/27/2024 17:08:29,0 / 5,3.5,1,6,175,,45,13,,0
2/27/2024 17:10:18,1 / 5,3.7,3,7,9,,,,,
2/27/2024 17:28:36,3 / 5,3.2,2,1.082,,0.2,5200,7,40,
2/27/2024 17:28:49,3 / 5,3.1,2,1.072,,0.2,5200,,,
2/27/2024 17:33:46,3 / 5,3.3,2,1.072,,0.8,5200,7,42.5,
2/27/2024 17:34:06,4 / 5,3.2,2,1.072,,0.2,5200,7,42.5,
2/27/2024 17:34:20,4 / 5,3.44,2,1.072,,0.2,5200,7,42.5,
2/27/2024 17:34:36,2 / 5,3.2,3,1.072,,0.2,,,,
2/27/2024 17:44:03,1 / 5,3.62,1,1.072,,,,,,
2/27/2024 17:47:55,4 / 5,3.4,2,1.072,,x=0.2,5200,7,36,
2/27/2024 17:49:58,0 / 5,3.1,2,1.672,,-7,,,,
2/27/2024 17:50:10,1 / 5,3.6,2,1.172,,0.8,5200,8,13,
2/27/2024 17:51:22,1 / 5,3.5,2,1.72,,0.2,825,10,13,
2/27/2024 17:53:54,1 / 5,3.11,3,0.212,,-0.2,5200,simila r,,
2/27/2024 17:53:59,3 / 5,3.63,1,1.072,,0.2,5200,,,
2/27/2024 17:54:25,4 / 5,3.3,1,1.072,,0.2,5200,7,,
2/27/2024 17:58:57,1 / 5,3.4,1,1.071,,0.2,,8,36,
2/27/2024 18:02:03,1 / 5,3.3,3,1.074,,-0.2,,7,,
2/27/2024 18:07:22,3 / 5,2.9,3,1.072,,-0.2,5200,7,,
2/27/2024 18:10:22,3 / 5,3.76,3,1.072,,0.2,5200,2,,
2/27/2024 18:11:34,1 / 5,2.7,2,,,-0.2,41200,7,36,
2/27/2024 18:12:43,3 / 5,3.6,2,1.071,,0.2,5200,7,,
2/27/2024 18:14:40,2 / 5,3.76,2,1.072,,0.2,1200,6,,
2/27/2024 18:15:17,2 / 5,3.31,1,1.072,,3.6,5200,1,49,
2/27/2024 18:15:45,4 / 5,3.13,1,1.072,,0.252,5200,7,42.5,
2/27/2024 18:16:43,3 / 5,3.5,1,1.072,,0.2,5200,,6.5,
2/27/2024 18:21:32,3 / 5,3.3,2,1.0726,,0.2,5200,7,7.5,
2/27/2024 18:22:11,2 / 5,3,3,1.072,,0.8,4400,7,,
2/27/2024 18:22:27,2 / 5,3.3,3,1.72,,0.2,5200,8,6.5,
2/27/2024 18:24:34,3 / 5,3.5,3,1.072,,0.2,5200,,,
2/27/2024 18:25:06,1 / 5,3.5,3,1.072,,2,,,,
2/27/2024 18:25:33,3 / 5,3.3,3,1.072,,0.2,5200,77,6.5,
2/27/2024 18:25:33,3 / 5,3,2,1.07,,0.2,5200,7,876,
2/27/2024 19:49:44,3 / 5,3.4,1,1.072,,0.2,5200,,6.5,
2/27/2024 19:52:25,4 / 5,2.59,2,1.072,,0.2,5200,7,,
2/27/2024 19:53:15,2 / 5,3.3,1,1.072,,0.2,,,,
2/27/2024 19:55:40,3 / 5,3.8,1,1.072,,0.8,5200,7,,
2/27/2024 19:55:55,2 / 5,3,1,1.06,,0.2,5200,6,,
2/27/2024 19:56:50,5 / 5,3.5,3,1.072,,0.2,5200,7,42.5,
2/27/2024 19:58:29,3 / 5,3.4,3,1.072,,0.2,5200,9,,
2/27/2024 19:59:30,3 / 5,2.61,1,1.072,,0.2,5200,,,
2/27/2024 20:00:08,3 / 5,3.2,2,1.072,,0.8,5200,7,,
2/27/2024 20:00:29,2 / 5,3.2,2,1.072,,0.2,6700,congruent,0.55555,
2/27/2024 20:13:09,4 / 5,3.75,3,1.072,,0.2,5200,7,43,
2/27/2024 20:15:51,3 / 5,3.02,1,1.072,,-0.2,5200,7,,
2/27/2024 20:15:59,4 / 5,3.71,1,1.072,,0.2,5200,7,,
2/27/2024 20:19:32,1 / 5,3.91,3,1.072,,,,,,
2/27/2024 20:24:50,2 / 5,3.7,1,1.072,,0.2,5060,9,,
2/27/2024 20:28:15,3 / 5,3.85,2,,,0.2,5200,6,42,
2/27/2024 20:28:56,2 / 5,3.3,3,1.072,,2.6,5200,6,,
2/27/2024 20:29:14,1 / 5,3.6,2,1.073,,0.25,5200,3,,
2/27/2024 20:36:00,2 / 5,3.38,1,1.072,,0.2,,,,
2/27/2024 20:42:27,1 / 5,3.56,2,1.071,,0.2,,8,,
2/27/2024 20:42:48,0 / 5,3,3,,,1.071,850,16,6,
2/27/2024 20:46:24,2 / 5,3.2,3,1.071,,0.2,,7,,
2/27/2024 20:46:43,1 / 5,3.2,1,1.072,,2.4,650,1,,
2/27/2024 20:50:00,3 / 5,3.38,1,1.072,,0.2,5200,,,
2/27/2024 20:58:58,4 / 5,4,1,1.072,,0.2,5200,7,,
2/27/2024 21:02:35,4 / 5,3.8,1,1.072,,0.2,5200,7,,
2/27/2024 21:13:44,4 / 5,3.8,3,1.072,,0.2,5200,7,8,
2/27/2024 21:17:17,3 / 5,3.5,2,1.172,,0.2,5200,7,,
2/27/2024 21:25:52,4 / 5,4,1,1.072,,0.2,5200,7,,
2/27/2024 21:46:48,3 / 5,3.9,3,1.072,,0.2,10400,7,,
2/28/2024 9:22:42,3 / 5,4,3,1.172,,0.2,5200,9,42.5,
2/28/2024 9:24:11,5 / 5,4,1,1.072,,0.2,5200,7,42.5,
2/28/2024 14:11:32,4 / 5,3.15,1,1.072,,0.2,5200,7,,
2/28/2024 14:14:12,4 / 5,3.59,3,1.072,,0.2,5200,7,,
2/28/2024 14:14:23,1 / 5,3.1,2,1.072,,0.02,13200,8,,
2/28/2024 15:36:49,2 / 5,3.3,2,1.072,,0.4,52000,7,6.5,
2/28/2024 15:42:46,3 / 5,3.76,3,1.072,,0.2,5400,7,,
2/28/2024 15:53:36,2 / 5,3.26,1,1.072,,-0.2,520,7,6.5,
2/28/2024 15:59:09,1 / 5,3.26,3,1.072,,-2.6,53520,,,
2/28/2024 16:04:02,4 / 5,3,3,1.072,,0.2,5200,7,85,
3/1/2024 14:56:48,2 / 5,3.3,3,1.072,,0.2,,,,
3/3/2024 0:07:11,2 / 5,3.5,3,1.072,,0.2,1128,5,37,
3/3/2024 0:09:22,1 / 5,2.5,3,1.072,,1.3,5380,3,,
3/3/2024 0:10:16,2 / 5,2.75,1,1.071,,0.2,6000,7,,
3/3/2024 0:10:53,3 / 5,2.98,2,1.0725,,0.2,5200,7,,
3/3/2024 0:11:19,4 / 5,3.8,1,1.072,,0.2,5200,7,,
3/3/2024 0:11:46,4 / 5,3.75,1,1.072,,0.3,5200,7,42.5,
3/3/2024 0:12:25,3 / 5,3.1,2,1.072,,0.2,5200,6,43,
3/3/2024 0:13:06,3 / 5,3.4,2,1.085,,0.21,5200,7,42.5,
3/6/2024 16:47:11,3 / 5,3.1,2,1.072,,0.2,5200,,,
3/6/2024 17:09:32,2 / 5,4,3,1.072,,0.2,80000,6,49,
3/6/2024 17:09:39,2 / 5,3.43,1,1.072,,-0.2,5200,6,,
3/6/2024 17:10:00,2 / 5,3.4,3,1.072,,0.2,2500,6,0.4,
3/6/2024 17:10:10,5 / 5,3.5,1,1.072,,0.2,5200,7,42.5,
3/6/2024 17:10:13,3 / 5,2.92,3,1.072,,0.2,5200,6,,
3/6/2024 17:10:24,5 / 5,3.3,1,1.072,,0.2,5200,7,42.5,
3/6/2024 17:10:32,1 / 5,2.8,3,1.072,,1,9000,8,78,
3/6/2024 17:10:35,4 / 5,3.54,1,1.072,,0.2,5200,7,,
3/6/2024 17:10:45,2 / 5,2.75,3,1.073,,0.2,2333,7,188888888,
3/6/2024 17:10:50,0 / 5,3.33,3,2,,2,2,2,2,
3/6/2024 17:11:07,2 / 5,2.5,3,1.07,,0.2,5200,8,40.5,
3/6/2024 17:11:52,5 / 5,3.9,1,1.072,,0.2,5200,7,42.5,
3/6/2024 17:11:53,4 / 5,3.76,2,1.072,,0.2,5200,7,,
3/6/2024 17:16:10,4 / 5,3.32,1,1.072,,0.2,5200,7,2,
3/6/2024 17:16:17,3 / 5,3.67,2,1.072,,-0.2,5200,7,40,
3/6/2024 17:16:25,5 / 5,3.72,2,1.072,,0.2,5200,7,42.5,
3/6/2024 17:16:43,2 / 5,3.8,3,1.072,,0.2,520,6,,
3/6/2024 17:16:43,4 / 5,3.56,2,1.072,,0.2,5300,7,42.5,
3/6/2024 17:16:44,1 / 5,2.1,3,1.072,,,,,,
3/6/2024 17:17:09,5 / 5,3.8,1,1.072,,0.2,5200,7,42.5,
3/6/2024 17:17:12,2 / 5,3.02,3,1.072,,-0.2,52000,7,43.5,
3/6/2024 17:17:17,2 / 5,3.78,3,1.072,,0.2,8000,5,42,
3/6/2024 17:17:34,4 / 5,3.5,1,1.072,,0.2,5200,7,,
3/6/2024 17:17:58,3 / 5,3.7,2,1.022,,0.2,5200,7,,
3/6/2024 17:18:12,2 / 5,3.1,3,0.072,,0.2,5200,8,,
3/6/2024 17:18:35,2 / 5,3.9,3,0.97,,0.02,5200,7,,
3/6/2024 17:18:46,4 / 5,3.4,1,1.072,,0.2,5200,7,,